{"epoch": 1, "loss": 0.14257653635375353, "wd": 0.030000036688898224, "lr": 0.00040187739463601536, "rankme": Infinity, "_timestamp": 1711616055.304051, "_runtime": 73.93074297904968, "_step": 48, "_wandb": {"runtime": 74}}