{"epoch": 1, "loss": 0.1422423966428786, "wd": 0.03001665461497577, "lr": 0.00044, "rankme": Infinity, "_timestamp": 1711619626.3835433, "_runtime": 959.5340733528137, "_step": 521, "_wandb": {"runtime": 1298}}