{"epoch": 1, "loss": 0.14177267575258268, "wd": 0.03001665461497577, "lr": 0.00044, "rankme": Infinity, "_timestamp": 1711618599.8354912, "_runtime": 966.2121772766113, "_step": 521, "_wandb": {"runtime": 985}}