{"epoch": 1, "loss": 0.10796379899852321, "wd": 0.03001665461497577, "lr": 0.00044, "rankme": Infinity, "_timestamp": 1711612465.3819323, "_runtime": 974.1970872879028, "_step": 1043, "_wandb": {"runtime": 1554}}