{"epoch": 1, "loss": 0.38905670245488483, "wd": 0.030000000550104267, "lr": 0.00040022988505747126, "rankme": Infinity, "_timestamp": 1711616197.2424605, "_runtime": 36.43382549285889, "_step": 2, "_wandb": {"runtime": 38}}