{"epoch": 1, "loss": 0.23704669977646756, "wd": 0.030000947416002066, "lr": 0.0004095402298850575, "rankme": Infinity, "_timestamp": 1711615894.0013723, "_runtime": 272.3197753429413, "_step": 248}