{"epoch": 1, "loss": 0.125653010627105, "wd": 0.03001665461497577, "lr": 0.00044, "rankme": Infinity, "_timestamp": 1711614125.4818752, "_runtime": 1054.390955209732, "_step": 1043, "_wandb": {"runtime": 2421}}