{"epoch": 1, "loss": 0.4868517220020294, "wd": 0.03000000006112269, "lr": 0.00040007662835249045, "rankme": Infinity, "_timestamp": 1711616114.9821734, "_runtime": 30.14585542678833, "_step": 0, "_wandb": {"runtime": 32}}