{"epoch": 1, "loss": 0.2536523640155792, "wd": 0.03000001032973587, "lr": 0.0004009961685823755, "rankme": Infinity, "_timestamp": 1711617586.227101, "_runtime": 50.78300404548645, "_step": 12, "_wandb": {"runtime": 51}}