{"epoch": 1, "loss": 0.2732077106919097, "wd": 0.03001665461497577, "lr": 0.00044, "rankme": Infinity, "_timestamp": 1711617186.7250547, "_runtime": 964.643792629242, "_step": 521, "_wandb": {"runtime": 1242}}